record_id,plot_area_ha,rainfall_mm,soil_ph,seed_kg,distance_km,arrival_hour,actual_yield_kg,dispatch_attention
R001,1.2,81,5.7,210,14,9,2850,0
R002,0.8,95,6.1,180,8,10,1920,0
R003,1.5,72,5.4,250,22,8,3100,1
R004,2.0,88,6.3,300,18,11,4200,0
R005,0.6,110,5.9,150,5,9,1450,0
R006,1.8,65,5.6,280,25,7,3800,1
R007,1.1,78,6.0,200,12,10,2600,0
R008,0.9,92,5.8,170,9,11,2100,0
R009,1.4,70,5.3,240,20,8,3200,1
R010,2.2,90,6.4,320,15,12,4500,0
R011,0.7,105,5.5,160,6,9,1600,0
R012,1.6,68,5.7,260,23,7,3400,1
R013,1.3,85,6.2,220,11,10,2950,0
R014,0.5,115,5.4,140,4,8,1300,1
R015,1.9,80,6.1,290,19,11,4000,0
R016,1.0,98,5.9,190,10,9,2300,0
R017,1.7,75,5.6,270,21,8,3600,1
R018,2.1,87,6.3,310,16,12,4350,0
R019,0.8,100,5.8,175,7,10,2000,0
R020,1.5,73,5.5,245,18,8,3250,1
R021,1.2,82,6.0,215,13,9,2900,0
R022,0.9,94,5.7,185,8,11,2150,0
R023,1.8,66,5.4,285,24,7,3850,1
R024,2.3,89,6.4,330,14,11,4600,0
R025,0.6,108,5.3,155,5,9,1500,1
R026,1.4,71,5.8,235,19,8,3150,1
R027,1.1,79,6.1,205,12,10,2650,0
R028,1.6,69,5.6,255,22,7,3450,1
R029,2.0,86,6.2,305,17,12,4250,0
R030,0.7,102,5.9,165,6,9,1700,0